Time,Frame,FILE
0,0,image/output_000000_000000.png
10,1,image/output_000010_000000.png
20,2,image/output_000020_000000.png
30,3,image/output_000030_000000.png
40,4,image/output_000040_000000.png
50,5,image/output_000050_000000.png
60,6,image/output_000060_000000.png
70,7,image/output_000070_000000.png
80,8,image/output_000080_000000.png
90,9,image/output_000090_000000.png
100,10,image/output_000100_000000.png
110,11,image/output_000110_000000.png
120,12,image/output_000120_000000.png
130,13,image/output_000130_000000.png
140,14,image/output_000140_000000.png
150,15,image/output_000150_000000.png
160,16,image/output_000160_000000.png
170,17,image/output_000170_000000.png
180,18,image/output_000180_000000.png
190,19,image/output_000190_000000.png
200,20,image/output_000200_000000.png
210,21,image/output_000210_000000.png
220,22,image/output_000220_000000.png
230,23,image/output_000230_000000.png
240,24,image/output_000240_000000.png
250,25,image/output_000250_000000.png
260,26,image/output_000260_000000.png
270,27,image/output_000270_000000.png
280,28,image/output_000280_000000.png
290,29,image/output_000290_000000.png
300,30,image/output_000300_000000.png
310,31,image/output_000310_000000.png
320,32,image/output_000320_000000.png
330,33,image/output_000330_000000.png
340,34,image/output_000340_000000.png
350,35,image/output_000350_000000.png
360,36,image/output_000360_000000.png
370,37,image/output_000370_000000.png
380,38,image/output_000380_000000.png
390,39,image/output_000390_000000.png
400,40,image/output_000400_000000.png
410,41,image/output_000410_000000.png
420,42,image/output_000420_000000.png
430,43,image/output_000430_000000.png
440,44,image/output_000440_000000.png
450,45,image/output_000450_000000.png
460,46,image/output_000460_000000.png
470,47,image/output_000470_000000.png
480,48,image/output_000480_000000.png
490,49,image/output_000490_000000.png
500,50,image/output_000500_000000.png
510,51,image/output_000510_000000.png
520,52,image/output_000520_000000.png
530,53,image/output_000530_000000.png
540,54,image/output_000540_000000.png
550,55,image/output_000550_000000.png
560,56,image/output_000560_000000.png
570,57,image/output_000570_000000.png
580,58,image/output_000580_000000.png
590,59,image/output_000590_000000.png
600,60,image/output_000600_000000.png
610,61,image/output_000610_000000.png
620,62,image/output_000620_000000.png
630,63,image/output_000630_000000.png
640,64,image/output_000640_000000.png
650,65,image/output_000650_000000.png
660,66,image/output_000660_000000.png
670,67,image/output_000670_000000.png
680,68,image/output_000680_000000.png
690,69,image/output_000690_000000.png
700,70,image/output_000700_000000.png
710,71,image/output_000710_000000.png
720,72,image/output_000720_000000.png
730,73,image/output_000730_000000.png
740,74,image/output_000740_000000.png
750,75,image/output_000750_000000.png
760,76,image/output_000760_000000.png
770,77,image/output_000770_000000.png
780,78,image/output_000780_000000.png
790,79,image/output_000790_000000.png
800,80,image/output_000800_000000.png
810,81,image/output_000810_000000.png
820,82,image/output_000820_000000.png
830,83,image/output_000830_000000.png
840,84,image/output_000840_000000.png
850,85,image/output_000850_000000.png
860,86,image/output_000860_000000.png
870,87,image/output_000870_000000.png
880,88,image/output_000880_000000.png
890,89,image/output_000890_000000.png
900,90,image/output_000900_000000.png
910,91,image/output_000910_000000.png
920,92,image/output_000920_000000.png
930,93,image/output_000930_000000.png
940,94,image/output_000940_000000.png
950,95,image/output_000950_000000.png
960,96,image/output_000960_000000.png
970,97,image/output_000970_000000.png
980,98,image/output_000980_000000.png
990,99,image/output_000990_000000.png
1000,100,image/output_001000_000000.png
1010,101,image/output_001010_000000.png
1020,102,image/output_001020_000000.png
1030,103,image/output_001030_000000.png
1040,104,image/output_001040_000000.png
1050,105,image/output_001050_000000.png
1060,106,image/output_001060_000000.png
1070,107,image/output_001070_000000.png
1080,108,image/output_001080_000000.png
1090,109,image/output_001090_000000.png
1100,110,image/output_001100_000000.png
1110,111,image/output_001110_000000.png
1120,112,image/output_001120_000000.png
1130,113,image/output_001130_000000.png
1140,114,image/output_001140_000000.png
1150,115,image/output_001150_000000.png
1160,116,image/output_001160_000000.png
1170,117,image/output_001170_000000.png
1180,118,image/output_001180_000000.png
1190,119,image/output_001190_000000.png
1200,120,image/output_001200_000000.png
1210,121,image/output_001210_000000.png
1220,122,image/output_001220_000000.png
1230,123,image/output_001230_000000.png
1240,124,image/output_001240_000000.png
1250,125,image/output_001250_000000.png
1260,126,image/output_001260_000000.png
1270,127,image/output_001270_000000.png
1280,128,image/output_001280_000000.png
1290,129,image/output_001290_000000.png
1300,130,image/output_001300_000000.png
1310,131,image/output_001310_000000.png
1320,132,image/output_001320_000000.png
1330,133,image/output_001330_000000.png
1340,134,image/output_001340_000000.png
1350,135,image/output_001350_000000.png
1360,136,image/output_001360_000000.png
1370,137,image/output_001370_000000.png
1380,138,image/output_001380_000000.png
1390,139,image/output_001390_000000.png
1400,140,image/output_001400_000000.png
1410,141,image/output_001410_000000.png
1420,142,image/output_001420_000000.png
1430,143,image/output_001430_000000.png
1440,144,image/output_001440_000000.png
1450,145,image/output_001450_000000.png
1460,146,image/output_001460_000000.png
1470,147,image/output_001470_000000.png
1480,148,image/output_001480_000000.png
1490,149,image/output_001490_000000.png
1500,150,image/output_001500_000000.png
1510,151,image/output_001510_000000.png
1520,152,image/output_001520_000000.png
1530,153,image/output_001530_000000.png
1540,154,image/output_001540_000000.png
1550,155,image/output_001550_000000.png
1560,156,image/output_001560_000000.png
1570,157,image/output_001570_000000.png
1580,158,image/output_001580_000000.png
1590,159,image/output_001590_000000.png
1600,160,image/output_001600_000000.png
1610,161,image/output_001610_000000.png
1620,162,image/output_001620_000000.png
1630,163,image/output_001630_000000.png
1640,164,image/output_001640_000000.png
1650,165,image/output_001650_000000.png
1660,166,image/output_001660_000000.png
1670,167,image/output_001670_000000.png
1680,168,image/output_001680_000000.png
1690,169,image/output_001690_000000.png
1700,170,image/output_001700_000000.png
1710,171,image/output_001710_000000.png
1720,172,image/output_001720_000000.png
1730,173,image/output_001730_000000.png
1740,174,image/output_001740_000000.png
1750,175,image/output_001750_000000.png
1760,176,image/output_001760_000000.png
1770,177,image/output_001770_000000.png
1780,178,image/output_001780_000000.png
1790,179,image/output_001790_000000.png
1800,180,image/output_001800_000000.png
1810,181,image/output_001810_000000.png
1820,182,image/output_001820_000000.png
1830,183,image/output_001830_000000.png
1840,184,image/output_001840_000000.png
1850,185,image/output_001850_000000.png
1860,186,image/output_001860_000000.png
1870,187,image/output_001870_000000.png
1880,188,image/output_001880_000000.png
1890,189,image/output_001890_000000.png
1900,190,image/output_001900_000000.png
1910,191,image/output_001910_000000.png
1920,192,image/output_001920_000000.png
1930,193,image/output_001930_000000.png
1940,194,image/output_001940_000000.png
1950,195,image/output_001950_000000.png
1960,196,image/output_001960_000000.png
1970,197,image/output_001970_000000.png
1980,198,image/output_001980_000000.png
1990,199,image/output_001990_000000.png
2000,200,image/output_002000_000000.png
2010,201,image/output_002010_000000.png
2020,202,image/output_002020_000000.png
2030,203,image/output_002030_000000.png
2040,204,image/output_002040_000000.png
2050,205,image/output_002050_000000.png
2060,206,image/output_002060_000000.png
2070,207,image/output_002070_000000.png
2080,208,image/output_002080_000000.png
2090,209,image/output_002090_000000.png
2100,210,image/output_002100_000000.png
2110,211,image/output_002110_000000.png
2120,212,image/output_002120_000000.png
2130,213,image/output_002130_000000.png
2140,214,image/output_002140_000000.png
2150,215,image/output_002150_000000.png
2160,216,image/output_002160_000000.png
2170,217,image/output_002170_000000.png
2180,218,image/output_002180_000000.png
2190,219,image/output_002190_000000.png
2200,220,image/output_002200_000000.png
2210,221,image/output_002210_000000.png
2220,222,image/output_002220_000000.png
2230,223,image/output_002230_000000.png
2240,224,image/output_002240_000000.png
2250,225,image/output_002250_000000.png
2260,226,image/output_002260_000000.png
2270,227,image/output_002270_000000.png
2280,228,image/output_002280_000000.png
2290,229,image/output_002290_000000.png
2300,230,image/output_002300_000000.png
2310,231,image/output_002310_000000.png
2320,232,image/output_002320_000000.png
2330,233,image/output_002330_000000.png
2340,234,image/output_002340_000000.png
2350,235,image/output_002350_000000.png
2360,236,image/output_002360_000000.png
2370,237,image/output_002370_000000.png
2380,238,image/output_002380_000000.png
2390,239,image/output_002390_000000.png
2400,240,image/output_002400_000000.png
2410,241,image/output_002410_000000.png
2420,242,image/output_002420_000000.png
2430,243,image/output_002430_000000.png
2440,244,image/output_002440_000000.png
2450,245,image/output_002450_000000.png
2460,246,image/output_002460_000000.png
2470,247,image/output_002470_000000.png
2480,248,image/output_002480_000000.png
2490,249,image/output_002490_000000.png
2500,250,image/output_002500_000000.png
2510,251,image/output_002510_000000.png
2520,252,image/output_002520_000000.png
2530,253,image/output_002530_000000.png
2540,254,image/output_002540_000000.png
2550,255,image/output_002550_000000.png
2560,256,image/output_002560_000000.png
2570,257,image/output_002570_000000.png
2580,258,image/output_002580_000000.png
2590,259,image/output_002590_000000.png
2600,260,image/output_002600_000000.png
2610,261,image/output_002610_000000.png
2620,262,image/output_002620_000000.png
2630,263,image/output_002630_000000.png
2640,264,image/output_002640_000000.png
2650,265,image/output_002650_000000.png
2660,266,image/output_002660_000000.png
2670,267,image/output_002670_000000.png
2680,268,image/output_002680_000000.png
2690,269,image/output_002690_000000.png
2700,270,image/output_002700_000000.png
2710,271,image/output_002710_000000.png
2720,272,image/output_002720_000000.png
2730,273,image/output_002730_000000.png
2740,274,image/output_002740_000000.png
2750,275,image/output_002750_000000.png
2760,276,image/output_002760_000000.png
2770,277,image/output_002770_000000.png
2780,278,image/output_002780_000000.png
2790,279,image/output_002790_000000.png
2800,280,image/output_002800_000000.png
2810,281,image/output_002810_000000.png
2820,282,image/output_002820_000000.png
2830,283,image/output_002830_000000.png
2840,284,image/output_002840_000000.png
2850,285,image/output_002850_000000.png
2860,286,image/output_002860_000000.png
2870,287,image/output_002870_000000.png
2880,288,image/output_002880_000000.png
2890,289,image/output_002890_000000.png
2900,290,image/output_002900_000000.png
2910,291,image/output_002910_000000.png
2920,292,image/output_002920_000000.png
2930,293,image/output_002930_000000.png
2940,294,image/output_002940_000000.png
2950,295,image/output_002950_000000.png
2960,296,image/output_002960_000000.png
2970,297,image/output_002970_000000.png
2980,298,image/output_002980_000000.png
2990,299,image/output_002990_000000.png
3000,300,image/output_003000_000000.png
3010,301,image/output_003010_000000.png
3020,302,image/output_003020_000000.png
3030,303,image/output_003030_000000.png
3040,304,image/output_003040_000000.png
3050,305,image/output_003050_000000.png
3060,306,image/output_003060_000000.png
3070,307,image/output_003070_000000.png
3080,308,image/output_003080_000000.png
3090,309,image/output_003090_000000.png
3100,310,image/output_003100_000000.png
3110,311,image/output_003110_000000.png
3120,312,image/output_003120_000000.png
3130,313,image/output_003130_000000.png
3140,314,image/output_003140_000000.png
3150,315,image/output_003150_000000.png
3160,316,image/output_003160_000000.png
3170,317,image/output_003170_000000.png
3180,318,image/output_003180_000000.png
3190,319,image/output_003190_000000.png
3200,320,image/output_003200_000000.png
3210,321,image/output_003210_000000.png
3220,322,image/output_003220_000000.png
3230,323,image/output_003230_000000.png
3240,324,image/output_003240_000000.png
3250,325,image/output_003250_000000.png
3260,326,image/output_003260_000000.png
3270,327,image/output_003270_000000.png
3280,328,image/output_003280_000000.png
3290,329,image/output_003290_000000.png
3300,330,image/output_003300_000000.png
3310,331,image/output_003310_000000.png
3320,332,image/output_003320_000000.png
3330,333,image/output_003330_000000.png
3340,334,image/output_003340_000000.png
3350,335,image/output_003350_000000.png
3360,336,image/output_003360_000000.png
3370,337,image/output_003370_000000.png
3380,338,image/output_003380_000000.png
3390,339,image/output_003390_000000.png
3400,340,image/output_003400_000000.png
3410,341,image/output_003410_000000.png
3420,342,image/output_003420_000000.png
3430,343,image/output_003430_000000.png
3440,344,image/output_003440_000000.png
3450,345,image/output_003450_000000.png
3460,346,image/output_003460_000000.png
3470,347,image/output_003470_000000.png
3480,348,image/output_003480_000000.png
3490,349,image/output_003490_000000.png
3500,350,image/output_003500_000000.png
3510,351,image/output_003510_000000.png
3520,352,image/output_003520_000000.png
3530,353,image/output_003530_000000.png
3540,354,image/output_003540_000000.png
3550,355,image/output_003550_000000.png
3560,356,image/output_003560_000000.png
3570,357,image/output_003570_000000.png
3580,358,image/output_003580_000000.png
3590,359,image/output_003590_000000.png
3600,360,image/output_003600_000000.png
3610,361,image/output_003610_000000.png
3620,362,image/output_003620_000000.png
3630,363,image/output_003630_000000.png
3640,364,image/output_003640_000000.png
3650,365,image/output_003650_000000.png
3660,366,image/output_003660_000000.png
3670,367,image/output_003670_000000.png
3680,368,image/output_003680_000000.png
3690,369,image/output_003690_000000.png
3700,370,image/output_003700_000000.png
3710,371,image/output_003710_000000.png
3720,372,image/output_003720_000000.png
3730,373,image/output_003730_000000.png
3740,374,image/output_003740_000000.png
3750,375,image/output_003750_000000.png
3760,376,image/output_003760_000000.png
3770,377,image/output_003770_000000.png
3780,378,image/output_003780_000000.png
3790,379,image/output_003790_000000.png
3800,380,image/output_003800_000000.png
3810,381,image/output_003810_000000.png
3820,382,image/output_003820_000000.png
3830,383,image/output_003830_000000.png
3840,384,image/output_003840_000000.png
3850,385,image/output_003850_000000.png
3860,386,image/output_003860_000000.png
3870,387,image/output_003870_000000.png
3880,388,image/output_003880_000000.png
3890,389,image/output_003890_000000.png
3900,390,image/output_003900_000000.png
3910,391,image/output_003910_000000.png
3920,392,image/output_003920_000000.png
3930,393,image/output_003930_000000.png
3940,394,image/output_003940_000000.png
3950,395,image/output_003950_000000.png
3960,396,image/output_003960_000000.png
3970,397,image/output_003970_000000.png
3980,398,image/output_003980_000000.png
3990,399,image/output_003990_000000.png
4000,400,image/output_004000_000000.png
4010,401,image/output_004010_000000.png
4020,402,image/output_004020_000000.png
4030,403,image/output_004030_000000.png
4040,404,image/output_004040_000000.png
4050,405,image/output_004050_000000.png
4060,406,image/output_004060_000000.png
4070,407,image/output_004070_000000.png
4080,408,image/output_004080_000000.png
4090,409,image/output_004090_000000.png
4100,410,image/output_004100_000000.png
4110,411,image/output_004110_000000.png
4120,412,image/output_004120_000000.png
4130,413,image/output_004130_000000.png
4140,414,image/output_004140_000000.png
4150,415,image/output_004150_000000.png
4160,416,image/output_004160_000000.png
4170,417,image/output_004170_000000.png
4180,418,image/output_004180_000000.png
4190,419,image/output_004190_000000.png
4200,420,image/output_004200_000000.png
4210,421,image/output_004210_000000.png
4220,422,image/output_004220_000000.png
4230,423,image/output_004230_000000.png
4240,424,image/output_004240_000000.png
4250,425,image/output_004250_000000.png
4260,426,image/output_004260_000000.png
4270,427,image/output_004270_000000.png
4280,428,image/output_004280_000000.png
4290,429,image/output_004290_000000.png
4300,430,image/output_004300_000000.png
4310,431,image/output_004310_000000.png
4320,432,image/output_004320_000000.png
4330,433,image/output_004330_000000.png
4340,434,image/output_004340_000000.png
4350,435,image/output_004350_000000.png
4360,436,image/output_004360_000000.png
4370,437,image/output_004370_000000.png
4380,438,image/output_004380_000000.png
4390,439,image/output_004390_000000.png
4400,440,image/output_004400_000000.png
4410,441,image/output_004410_000000.png
4420,442,image/output_004420_000000.png
4430,443,image/output_004430_000000.png
4440,444,image/output_004440_000000.png
4450,445,image/output_004450_000000.png
4460,446,image/output_004460_000000.png
4470,447,image/output_004470_000000.png
4480,448,image/output_004480_000000.png
4490,449,image/output_004490_000000.png
4500,450,image/output_004500_000000.png
4510,451,image/output_004510_000000.png
4520,452,image/output_004520_000000.png
4530,453,image/output_004530_000000.png
4540,454,image/output_004540_000000.png
4550,455,image/output_004550_000000.png
4560,456,image/output_004560_000000.png
4570,457,image/output_004570_000000.png
4580,458,image/output_004580_000000.png
4590,459,image/output_004590_000000.png
4600,460,image/output_004600_000000.png
4610,461,image/output_004610_000000.png
4620,462,image/output_004620_000000.png
4630,463,image/output_004630_000000.png
4640,464,image/output_004640_000000.png
4650,465,image/output_004650_000000.png
4660,466,image/output_004660_000000.png
4670,467,image/output_004670_000000.png
4680,468,image/output_004680_000000.png
4690,469,image/output_004690_000000.png
4700,470,image/output_004700_000000.png
4710,471,image/output_004710_000000.png
4720,472,image/output_004720_000000.png
4730,473,image/output_004730_000000.png
4740,474,image/output_004740_000000.png
4750,475,image/output_004750_000000.png
4760,476,image/output_004760_000000.png
4770,477,image/output_004770_000000.png
4780,478,image/output_004780_000000.png
4790,479,image/output_004790_000000.png
4800,480,image/output_004800_000000.png
4810,481,image/output_004810_000000.png
4820,482,image/output_004820_000000.png
4830,483,image/output_004830_000000.png
4840,484,image/output_004840_000000.png
4850,485,image/output_004850_000000.png
4860,486,image/output_004860_000000.png
4870,487,image/output_004870_000000.png
4880,488,image/output_004880_000000.png
4890,489,image/output_004890_000000.png
4900,490,image/output_004900_000000.png
4910,491,image/output_004910_000000.png
4920,492,image/output_004920_000000.png
4930,493,image/output_004930_000000.png
4940,494,image/output_004940_000000.png
4950,495,image/output_004950_000000.png
4960,496,image/output_004960_000000.png
4970,497,image/output_004970_000000.png
4980,498,image/output_004980_000000.png
4990,499,image/output_004990_000000.png
5000,500,image/output_005000_000000.png
5010,501,image/output_005010_000000.png
5020,502,image/output_005020_000000.png
5030,503,image/output_005030_000000.png
5040,504,image/output_005040_000000.png
5050,505,image/output_005050_000000.png
5060,506,image/output_005060_000000.png
5070,507,image/output_005070_000000.png
5080,508,image/output_005080_000000.png
5090,509,image/output_005090_000000.png
5100,510,image/output_005100_000000.png
5110,511,image/output_005110_000000.png
5120,512,image/output_005120_000000.png
5130,513,image/output_005130_000000.png
5140,514,image/output_005140_000000.png
5150,515,image/output_005150_000000.png
5160,516,image/output_005160_000000.png
5170,517,image/output_005170_000000.png
5180,518,image/output_005180_000000.png
5190,519,image/output_005190_000000.png
5200,520,image/output_005200_000000.png
5210,521,image/output_005210_000000.png
5220,522,image/output_005220_000000.png
5230,523,image/output_005230_000000.png
5240,524,image/output_005240_000000.png
5250,525,image/output_005250_000000.png
5260,526,image/output_005260_000000.png
5270,527,image/output_005270_000000.png
5280,528,image/output_005280_000000.png
5290,529,image/output_005290_000000.png
5300,530,image/output_005300_000000.png
5310,531,image/output_005310_000000.png
5320,532,image/output_005320_000000.png
5330,533,image/output_005330_000000.png
5340,534,image/output_005340_000000.png
5350,535,image/output_005350_000000.png
5360,536,image/output_005360_000000.png
5370,537,image/output_005370_000000.png
5380,538,image/output_005380_000000.png
5390,539,image/output_005390_000000.png
5400,540,image/output_005400_000000.png
5410,541,image/output_005410_000000.png
5420,542,image/output_005420_000000.png
5430,543,image/output_005430_000000.png
5440,544,image/output_005440_000000.png
5450,545,image/output_005450_000000.png
5460,546,image/output_005460_000000.png
5470,547,image/output_005470_000000.png
5480,548,image/output_005480_000000.png
5490,549,image/output_005490_000000.png
5500,550,image/output_005500_000000.png
5510,551,image/output_005510_000000.png
5520,552,image/output_005520_000000.png
5530,553,image/output_005530_000000.png
5540,554,image/output_005540_000000.png
5550,555,image/output_005550_000000.png
5560,556,image/output_005560_000000.png
5570,557,image/output_005570_000000.png
5580,558,image/output_005580_000000.png
5590,559,image/output_005590_000000.png
5600,560,image/output_005600_000000.png
5610,561,image/output_005610_000000.png
5620,562,image/output_005620_000000.png
5630,563,image/output_005630_000000.png
5640,564,image/output_005640_000000.png
5650,565,image/output_005650_000000.png
5660,566,image/output_005660_000000.png
5670,567,image/output_005670_000000.png
5680,568,image/output_005680_000000.png
5690,569,image/output_005690_000000.png
5700,570,image/output_005700_000000.png
5710,571,image/output_005710_000000.png
5720,572,image/output_005720_000000.png
5730,573,image/output_005730_000000.png
5740,574,image/output_005740_000000.png
5750,575,image/output_005750_000000.png
5760,576,image/output_005760_000000.png
5770,577,image/output_005770_000000.png
5780,578,image/output_005780_000000.png
5790,579,image/output_005790_000000.png
5800,580,image/output_005800_000000.png
5810,581,image/output_005810_000000.png
5820,582,image/output_005820_000000.png
5830,583,image/output_005830_000000.png
5840,584,image/output_005840_000000.png
5850,585,image/output_005850_000000.png
5860,586,image/output_005860_000000.png
5870,587,image/output_005870_000000.png
5880,588,image/output_005880_000000.png
5890,589,image/output_005890_000000.png
5900,590,image/output_005900_000000.png
5910,591,image/output_005910_000000.png
5920,592,image/output_005920_000000.png
5930,593,image/output_005930_000000.png
5940,594,image/output_005940_000000.png
5950,595,image/output_005950_000000.png
5960,596,image/output_005960_000000.png
5970,597,image/output_005970_000000.png
5980,598,image/output_005980_000000.png
5990,599,image/output_005990_000000.png
6000,600,image/output_006000_000000.png
6010,601,image/output_006010_000000.png
6020,602,image/output_006020_000000.png
6030,603,image/output_006030_000000.png
6040,604,image/output_006040_000000.png
6050,605,image/output_006050_000000.png
6060,606,image/output_006060_000000.png
6070,607,image/output_006070_000000.png
6080,608,image/output_006080_000000.png
6090,609,image/output_006090_000000.png
6100,610,image/output_006100_000000.png
6110,611,image/output_006110_000000.png
6120,612,image/output_006120_000000.png
6130,613,image/output_006130_000000.png
6140,614,image/output_006140_000000.png
6150,615,image/output_006150_000000.png
6160,616,image/output_006160_000000.png
6170,617,image/output_006170_000000.png
6180,618,image/output_006180_000000.png
6190,619,image/output_006190_000000.png
6200,620,image/output_006200_000000.png
6210,621,image/output_006210_000000.png
6220,622,image/output_006220_000000.png
6230,623,image/output_006230_000000.png
6240,624,image/output_006240_000000.png
6250,625,image/output_006250_000000.png
6260,626,image/output_006260_000000.png
6270,627,image/output_006270_000000.png
6280,628,image/output_006280_000000.png
6290,629,image/output_006290_000000.png
6300,630,image/output_006300_000000.png
6310,631,image/output_006310_000000.png
6320,632,image/output_006320_000000.png
6330,633,image/output_006330_000000.png
6340,634,image/output_006340_000000.png
6350,635,image/output_006350_000000.png
6360,636,image/output_006360_000000.png
6370,637,image/output_006370_000000.png
6380,638,image/output_006380_000000.png
6390,639,image/output_006390_000000.png
6400,640,image/output_006400_000000.png
6410,641,image/output_006410_000000.png
6420,642,image/output_006420_000000.png
6430,643,image/output_006430_000000.png
6440,644,image/output_006440_000000.png
6450,645,image/output_006450_000000.png
6460,646,image/output_006460_000000.png
6470,647,image/output_006470_000000.png
6480,648,image/output_006480_000000.png
6490,649,image/output_006490_000000.png
6500,650,image/output_006500_000000.png
6510,651,image/output_006510_000000.png
6520,652,image/output_006520_000000.png
6530,653,image/output_006530_000000.png
6540,654,image/output_006540_000000.png
6550,655,image/output_006550_000000.png
6560,656,image/output_006560_000000.png
6570,657,image/output_006570_000000.png
6580,658,image/output_006580_000000.png
6590,659,image/output_006590_000000.png
6600,660,image/output_006600_000000.png
6610,661,image/output_006610_000000.png
6620,662,image/output_006620_000000.png
6630,663,image/output_006630_000000.png
6640,664,image/output_006640_000000.png
6650,665,image/output_006650_000000.png
6660,666,image/output_006660_000000.png
6670,667,image/output_006670_000000.png
6680,668,image/output_006680_000000.png
6690,669,image/output_006690_000000.png
6700,670,image/output_006700_000000.png
6710,671,image/output_006710_000000.png
6720,672,image/output_006720_000000.png
6730,673,image/output_006730_000000.png
6740,674,image/output_006740_000000.png
6750,675,image/output_006750_000000.png
6760,676,image/output_006760_000000.png
6770,677,image/output_006770_000000.png
6780,678,image/output_006780_000000.png
6790,679,image/output_006790_000000.png
6800,680,image/output_006800_000000.png
6810,681,image/output_006810_000000.png
6820,682,image/output_006820_000000.png
6830,683,image/output_006830_000000.png
6840,684,image/output_006840_000000.png
6850,685,image/output_006850_000000.png
6860,686,image/output_006860_000000.png
6870,687,image/output_006870_000000.png
6880,688,image/output_006880_000000.png
6890,689,image/output_006890_000000.png
6900,690,image/output_006900_000000.png
6910,691,image/output_006910_000000.png
6920,692,image/output_006920_000000.png
6930,693,image/output_006930_000000.png
6940,694,image/output_006940_000000.png
6950,695,image/output_006950_000000.png
6960,696,image/output_006960_000000.png
6970,697,image/output_006970_000000.png
6980,698,image/output_006980_000000.png
6990,699,image/output_006990_000000.png
7000,700,image/output_007000_000000.png
7010,701,image/output_007010_000000.png
7020,702,image/output_007020_000000.png
7030,703,image/output_007030_000000.png
7040,704,image/output_007040_000000.png
7050,705,image/output_007050_000000.png
7060,706,image/output_007060_000000.png
7070,707,image/output_007070_000000.png
7080,708,image/output_007080_000000.png
7090,709,image/output_007090_000000.png
7100,710,image/output_007100_000000.png
7110,711,image/output_007110_000000.png
7120,712,image/output_007120_000000.png
7130,713,image/output_007130_000000.png
7140,714,image/output_007140_000000.png
7150,715,image/output_007150_000000.png
7160,716,image/output_007160_000000.png
7170,717,image/output_007170_000000.png
7180,718,image/output_007180_000000.png
7190,719,image/output_007190_000000.png
7200,720,image/output_007200_000000.png
7210,721,image/output_007210_000000.png
7220,722,image/output_007220_000000.png
7230,723,image/output_007230_000000.png
7240,724,image/output_007240_000000.png
7250,725,image/output_007250_000000.png
7260,726,image/output_007260_000000.png
7270,727,image/output_007270_000000.png
7280,728,image/output_007280_000000.png
7290,729,image/output_007290_000000.png
7300,730,image/output_007300_000000.png
7310,731,image/output_007310_000000.png
7320,732,image/output_007320_000000.png
7330,733,image/output_007330_000000.png
7340,734,image/output_007340_000000.png
7350,735,image/output_007350_000000.png
7360,736,image/output_007360_000000.png
7370,737,image/output_007370_000000.png
7380,738,image/output_007380_000000.png
7390,739,image/output_007390_000000.png
7400,740,image/output_007400_000000.png
7410,741,image/output_007410_000000.png
7420,742,image/output_007420_000000.png
7430,743,image/output_007430_000000.png
7440,744,image/output_007440_000000.png
7450,745,image/output_007450_000000.png
7460,746,image/output_007460_000000.png
7470,747,image/output_007470_000000.png
7480,748,image/output_007480_000000.png
7490,749,image/output_007490_000000.png
7500,750,image/output_007500_000000.png
7510,751,image/output_007510_000000.png
7520,752,image/output_007520_000000.png
7530,753,image/output_007530_000000.png
7540,754,image/output_007540_000000.png
7550,755,image/output_007550_000000.png
7560,756,image/output_007560_000000.png
7570,757,image/output_007570_000000.png
7580,758,image/output_007580_000000.png
7590,759,image/output_007590_000000.png
7600,760,image/output_007600_000000.png
7610,761,image/output_007610_000000.png
7620,762,image/output_007620_000000.png
7630,763,image/output_007630_000000.png
7640,764,image/output_007640_000000.png
7650,765,image/output_007650_000000.png
7660,766,image/output_007660_000000.png
7670,767,image/output_007670_000000.png
7680,768,image/output_007680_000000.png
7690,769,image/output_007690_000000.png
7700,770,image/output_007700_000000.png
7710,771,image/output_007710_000000.png
7720,772,image/output_007720_000000.png
7730,773,image/output_007730_000000.png
7740,774,image/output_007740_000000.png
7750,775,image/output_007750_000000.png
7760,776,image/output_007760_000000.png
7770,777,image/output_007770_000000.png
7780,778,image/output_007780_000000.png
7790,779,image/output_007790_000000.png
7800,780,image/output_007800_000000.png
7810,781,image/output_007810_000000.png
7820,782,image/output_007820_000000.png
7830,783,image/output_007830_000000.png
7840,784,image/output_007840_000000.png
7850,785,image/output_007850_000000.png
7860,786,image/output_007860_000000.png
7870,787,image/output_007870_000000.png
7880,788,image/output_007880_000000.png
7890,789,image/output_007890_000000.png
7900,790,image/output_007900_000000.png
7910,791,image/output_007910_000000.png
7920,792,image/output_007920_000000.png
7930,793,image/output_007930_000000.png
7940,794,image/output_007940_000000.png
7950,795,image/output_007950_000000.png
7960,796,image/output_007960_000000.png
7970,797,image/output_007970_000000.png
7980,798,image/output_007980_000000.png
7990,799,image/output_007990_000000.png
8000,800,image/output_008000_000000.png
8010,801,image/output_008010_000000.png
8020,802,image/output_008020_000000.png
8030,803,image/output_008030_000000.png
8040,804,image/output_008040_000000.png
8050,805,image/output_008050_000000.png
8060,806,image/output_008060_000000.png
8070,807,image/output_008070_000000.png
8080,808,image/output_008080_000000.png
8090,809,image/output_008090_000000.png
8100,810,image/output_008100_000000.png
8110,811,image/output_008110_000000.png
8120,812,image/output_008120_000000.png
8130,813,image/output_008130_000000.png
8140,814,image/output_008140_000000.png
8150,815,image/output_008150_000000.png
8160,816,image/output_008160_000000.png
8170,817,image/output_008170_000000.png
8180,818,image/output_008180_000000.png
8190,819,image/output_008190_000000.png
8200,820,image/output_008200_000000.png
8210,821,image/output_008210_000000.png
8220,822,image/output_008220_000000.png
8230,823,image/output_008230_000000.png
8240,824,image/output_008240_000000.png
8250,825,image/output_008250_000000.png
8260,826,image/output_008260_000000.png
8270,827,image/output_008270_000000.png
8280,828,image/output_008280_000000.png
8290,829,image/output_008290_000000.png
8300,830,image/output_008300_000000.png
8310,831,image/output_008310_000000.png
8320,832,image/output_008320_000000.png
8330,833,image/output_008330_000000.png
8340,834,image/output_008340_000000.png
8350,835,image/output_008350_000000.png
8360,836,image/output_008360_000000.png
8370,837,image/output_008370_000000.png
8380,838,image/output_008380_000000.png
8390,839,image/output_008390_000000.png
8400,840,image/output_008400_000000.png
8410,841,image/output_008410_000000.png
8420,842,image/output_008420_000000.png
8430,843,image/output_008430_000000.png
8440,844,image/output_008440_000000.png
8450,845,image/output_008450_000000.png
8460,846,image/output_008460_000000.png
8470,847,image/output_008470_000000.png
8480,848,image/output_008480_000000.png
8490,849,image/output_008490_000000.png
8500,850,image/output_008500_000000.png
8510,851,image/output_008510_000000.png
8520,852,image/output_008520_000000.png
8530,853,image/output_008530_000000.png
8540,854,image/output_008540_000000.png
8550,855,image/output_008550_000000.png
8560,856,image/output_008560_000000.png
8570,857,image/output_008570_000000.png
8580,858,image/output_008580_000000.png
8590,859,image/output_008590_000000.png
8600,860,image/output_008600_000000.png
8610,861,image/output_008610_000000.png
8620,862,image/output_008620_000000.png
8630,863,image/output_008630_000000.png
8640,864,image/output_008640_000000.png
8650,865,image/output_008650_000000.png
8660,866,image/output_008660_000000.png
8670,867,image/output_008670_000000.png
8680,868,image/output_008680_000000.png
8690,869,image/output_008690_000000.png
8700,870,image/output_008700_000000.png
8710,871,image/output_008710_000000.png
8720,872,image/output_008720_000000.png
8730,873,image/output_008730_000000.png
8740,874,image/output_008740_000000.png
8750,875,image/output_008750_000000.png
8760,876,image/output_008760_000000.png
8770,877,image/output_008770_000000.png
8780,878,image/output_008780_000000.png
8790,879,image/output_008790_000000.png
8800,880,image/output_008800_000000.png
8810,881,image/output_008810_000000.png
8820,882,image/output_008820_000000.png
8830,883,image/output_008830_000000.png
8840,884,image/output_008840_000000.png
8850,885,image/output_008850_000000.png
8860,886,image/output_008860_000000.png
8870,887,image/output_008870_000000.png
8880,888,image/output_008880_000000.png
8890,889,image/output_008890_000000.png
8900,890,image/output_008900_000000.png
8910,891,image/output_008910_000000.png
8920,892,image/output_008920_000000.png
8930,893,image/output_008930_000000.png
8940,894,image/output_008940_000000.png
8950,895,image/output_008950_000000.png
8960,896,image/output_008960_000000.png
8970,897,image/output_008970_000000.png
8980,898,image/output_008980_000000.png
8990,899,image/output_008990_000000.png
9000,900,image/output_009000_000000.png
9010,901,image/output_009010_000000.png
9020,902,image/output_009020_000000.png
9030,903,image/output_009030_000000.png
9040,904,image/output_009040_000000.png
9050,905,image/output_009050_000000.png
9060,906,image/output_009060_000000.png
9070,907,image/output_009070_000000.png
9080,908,image/output_009080_000000.png
9090,909,image/output_009090_000000.png
9100,910,image/output_009100_000000.png
9110,911,image/output_009110_000000.png
9120,912,image/output_009120_000000.png
9130,913,image/output_009130_000000.png
9140,914,image/output_009140_000000.png
9150,915,image/output_009150_000000.png
9160,916,image/output_009160_000000.png
9170,917,image/output_009170_000000.png
9180,918,image/output_009180_000000.png
9190,919,image/output_009190_000000.png
9200,920,image/output_009200_000000.png
9210,921,image/output_009210_000000.png
9220,922,image/output_009220_000000.png
9230,923,image/output_009230_000000.png
9240,924,image/output_009240_000000.png
9250,925,image/output_009250_000000.png
9260,926,image/output_009260_000000.png
9270,927,image/output_009270_000000.png
9280,928,image/output_009280_000000.png
9290,929,image/output_009290_000000.png
9300,930,image/output_009300_000000.png
9310,931,image/output_009310_000000.png
9320,932,image/output_009320_000000.png
9330,933,image/output_009330_000000.png
9340,934,image/output_009340_000000.png
9350,935,image/output_009350_000000.png
9360,936,image/output_009360_000000.png
9370,937,image/output_009370_000000.png
9380,938,image/output_009380_000000.png
9390,939,image/output_009390_000000.png
9400,940,image/output_009400_000000.png
9410,941,image/output_009410_000000.png
9420,942,image/output_009420_000000.png
9430,943,image/output_009430_000000.png
9440,944,image/output_009440_000000.png
9450,945,image/output_009450_000000.png
9460,946,image/output_009460_000000.png
9470,947,image/output_009470_000000.png
9480,948,image/output_009480_000000.png
9490,949,image/output_009490_000000.png
9500,950,image/output_009500_000000.png
9510,951,image/output_009510_000000.png
9520,952,image/output_009520_000000.png
9530,953,image/output_009530_000000.png
9540,954,image/output_009540_000000.png
9550,955,image/output_009550_000000.png
9560,956,image/output_009560_000000.png
9570,957,image/output_009570_000000.png
9580,958,image/output_009580_000000.png
9590,959,image/output_009590_000000.png
9600,960,image/output_009600_000000.png
9610,961,image/output_009610_000000.png
9620,962,image/output_009620_000000.png
9630,963,image/output_009630_000000.png
9640,964,image/output_009640_000000.png
9650,965,image/output_009650_000000.png
9660,966,image/output_009660_000000.png
9670,967,image/output_009670_000000.png
9680,968,image/output_009680_000000.png
9690,969,image/output_009690_000000.png
9700,970,image/output_009700_000000.png
9710,971,image/output_009710_000000.png
9720,972,image/output_009720_000000.png
9730,973,image/output_009730_000000.png
9740,974,image/output_009740_000000.png
9750,975,image/output_009750_000000.png
9760,976,image/output_009760_000000.png
9770,977,image/output_009770_000000.png
9780,978,image/output_009780_000000.png
9790,979,image/output_009790_000000.png
9800,980,image/output_009800_000000.png
9810,981,image/output_009810_000000.png
9820,982,image/output_009820_000000.png
9830,983,image/output_009830_000000.png
9840,984,image/output_009840_000000.png
9850,985,image/output_009850_000000.png
9860,986,image/output_009860_000000.png
9870,987,image/output_009870_000000.png
9880,988,image/output_009880_000000.png
9890,989,image/output_009890_000000.png
9900,990,image/output_009900_000000.png
9910,991,image/output_009910_000000.png
9920,992,image/output_009920_000000.png
9930,993,image/output_009930_000000.png
9940,994,image/output_009940_000000.png
9950,995,image/output_009950_000000.png
9960,996,image/output_009960_000000.png
9970,997,image/output_009970_000000.png
9980,998,image/output_009980_000000.png
9990,999,image/output_009990_000000.png
10000,1000,image/output_010000_000000.png
10010,1001,image/output_010010_000000.png
10020,1002,image/output_010020_000000.png
10030,1003,image/output_010030_000000.png
10040,1004,image/output_010040_000000.png
10050,1005,image/output_010050_000000.png
10060,1006,image/output_010060_000000.png
10070,1007,image/output_010070_000000.png
10080,1008,image/output_010080_000000.png
10090,1009,image/output_010090_000000.png
10100,1010,image/output_010100_000000.png
10110,1011,image/output_010110_000000.png
10120,1012,image/output_010120_000000.png
10130,1013,image/output_010130_000000.png
10140,1014,image/output_010140_000000.png
10150,1015,image/output_010150_000000.png
10160,1016,image/output_010160_000000.png
10170,1017,image/output_010170_000000.png
10180,1018,image/output_010180_000000.png
10190,1019,image/output_010190_000000.png
10200,1020,image/output_010200_000000.png
10210,1021,image/output_010210_000000.png
10220,1022,image/output_010220_000000.png
10230,1023,image/output_010230_000000.png
10240,1024,image/output_010240_000000.png
10250,1025,image/output_010250_000000.png
10260,1026,image/output_010260_000000.png
10270,1027,image/output_010270_000000.png
10280,1028,image/output_010280_000000.png
10290,1029,image/output_010290_000000.png
10300,1030,image/output_010300_000000.png
10310,1031,image/output_010310_000000.png
10320,1032,image/output_010320_000000.png
10330,1033,image/output_010330_000000.png
10340,1034,image/output_010340_000000.png
10350,1035,image/output_010350_000000.png
10360,1036,image/output_010360_000000.png
10370,1037,image/output_010370_000000.png
10380,1038,image/output_010380_000000.png
10390,1039,image/output_010390_000000.png
10400,1040,image/output_010400_000000.png
10410,1041,image/output_010410_000000.png
10420,1042,image/output_010420_000000.png
10430,1043,image/output_010430_000000.png
10440,1044,image/output_010440_000000.png
10450,1045,image/output_010450_000000.png
10460,1046,image/output_010460_000000.png
10470,1047,image/output_010470_000000.png
10480,1048,image/output_010480_000000.png
10490,1049,image/output_010490_000000.png
10500,1050,image/output_010500_000000.png
10510,1051,image/output_010510_000000.png
10520,1052,image/output_010520_000000.png
10530,1053,image/output_010530_000000.png
10540,1054,image/output_010540_000000.png
10550,1055,image/output_010550_000000.png
10560,1056,image/output_010560_000000.png
10570,1057,image/output_010570_000000.png
10580,1058,image/output_010580_000000.png
10590,1059,image/output_010590_000000.png
10600,1060,image/output_010600_000000.png
10610,1061,image/output_010610_000000.png
10620,1062,image/output_010620_000000.png
10630,1063,image/output_010630_000000.png
10640,1064,image/output_010640_000000.png
10650,1065,image/output_010650_000000.png
10660,1066,image/output_010660_000000.png
10670,1067,image/output_010670_000000.png
10680,1068,image/output_010680_000000.png
10690,1069,image/output_010690_000000.png
10700,1070,image/output_010700_000000.png
10710,1071,image/output_010710_000000.png
10720,1072,image/output_010720_000000.png
10730,1073,image/output_010730_000000.png
10740,1074,image/output_010740_000000.png
10750,1075,image/output_010750_000000.png
10760,1076,image/output_010760_000000.png
10770,1077,image/output_010770_000000.png
10780,1078,image/output_010780_000000.png
10790,1079,image/output_010790_000000.png
10800,1080,image/output_010800_000000.png
10810,1081,image/output_010810_000000.png
10820,1082,image/output_010820_000000.png
10830,1083,image/output_010830_000000.png
10840,1084,image/output_010840_000000.png
10850,1085,image/output_010850_000000.png
10860,1086,image/output_010860_000000.png
10870,1087,image/output_010870_000000.png
10880,1088,image/output_010880_000000.png
10890,1089,image/output_010890_000000.png
10900,1090,image/output_010900_000000.png
10910,1091,image/output_010910_000000.png
10920,1092,image/output_010920_000000.png
10930,1093,image/output_010930_000000.png
10940,1094,image/output_010940_000000.png
10950,1095,image/output_010950_000000.png
10960,1096,image/output_010960_000000.png
10970,1097,image/output_010970_000000.png
10980,1098,image/output_010980_000000.png
10990,1099,image/output_010990_000000.png
11000,1100,image/output_011000_000000.png
11010,1101,image/output_011010_000000.png
11020,1102,image/output_011020_000000.png
11030,1103,image/output_011030_000000.png
11040,1104,image/output_011040_000000.png
11050,1105,image/output_011050_000000.png
11060,1106,image/output_011060_000000.png
11070,1107,image/output_011070_000000.png
11080,1108,image/output_011080_000000.png
11090,1109,image/output_011090_000000.png
11100,1110,image/output_011100_000000.png
11110,1111,image/output_011110_000000.png
11120,1112,image/output_011120_000000.png
11130,1113,image/output_011130_000000.png
11140,1114,image/output_011140_000000.png
11150,1115,image/output_011150_000000.png
11160,1116,image/output_011160_000000.png
11170,1117,image/output_011170_000000.png
11180,1118,image/output_011180_000000.png
11190,1119,image/output_011190_000000.png
11200,1120,image/output_011200_000000.png
11210,1121,image/output_011210_000000.png
11220,1122,image/output_011220_000000.png
11230,1123,image/output_011230_000000.png
11240,1124,image/output_011240_000000.png
11250,1125,image/output_011250_000000.png
11260,1126,image/output_011260_000000.png
11270,1127,image/output_011270_000000.png
11280,1128,image/output_011280_000000.png
11290,1129,image/output_011290_000000.png
11300,1130,image/output_011300_000000.png
11310,1131,image/output_011310_000000.png
11320,1132,image/output_011320_000000.png
11330,1133,image/output_011330_000000.png
11340,1134,image/output_011340_000000.png
11350,1135,image/output_011350_000000.png
11360,1136,image/output_011360_000000.png
11370,1137,image/output_011370_000000.png
11380,1138,image/output_011380_000000.png
11390,1139,image/output_011390_000000.png
11400,1140,image/output_011400_000000.png
11410,1141,image/output_011410_000000.png
11420,1142,image/output_011420_000000.png
11430,1143,image/output_011430_000000.png
11440,1144,image/output_011440_000000.png
11450,1145,image/output_011450_000000.png
11460,1146,image/output_011460_000000.png
11470,1147,image/output_011470_000000.png
11480,1148,image/output_011480_000000.png
11490,1149,image/output_011490_000000.png
11500,1150,image/output_011500_000000.png
11510,1151,image/output_011510_000000.png
11520,1152,image/output_011520_000000.png
11530,1153,image/output_011530_000000.png
11540,1154,image/output_011540_000000.png
11550,1155,image/output_011550_000000.png
11560,1156,image/output_011560_000000.png
11570,1157,image/output_011570_000000.png
11580,1158,image/output_011580_000000.png
11590,1159,image/output_011590_000000.png
11600,1160,image/output_011600_000000.png
11610,1161,image/output_011610_000000.png
11620,1162,image/output_011620_000000.png
11630,1163,image/output_011630_000000.png
11640,1164,image/output_011640_000000.png
11650,1165,image/output_011650_000000.png
11660,1166,image/output_011660_000000.png
11670,1167,image/output_011670_000000.png
11680,1168,image/output_011680_000000.png
11690,1169,image/output_011690_000000.png
11700,1170,image/output_011700_000000.png
11710,1171,image/output_011710_000000.png
11720,1172,image/output_011720_000000.png
11730,1173,image/output_011730_000000.png
11740,1174,image/output_011740_000000.png
11750,1175,image/output_011750_000000.png
11760,1176,image/output_011760_000000.png
11770,1177,image/output_011770_000000.png
11780,1178,image/output_011780_000000.png
11790,1179,image/output_011790_000000.png
11800,1180,image/output_011800_000000.png
11810,1181,image/output_011810_000000.png
11820,1182,image/output_011820_000000.png
11830,1183,image/output_011830_000000.png
11840,1184,image/output_011840_000000.png
11850,1185,image/output_011850_000000.png
11860,1186,image/output_011860_000000.png
11870,1187,image/output_011870_000000.png
11880,1188,image/output_011880_000000.png
11890,1189,image/output_011890_000000.png
11900,1190,image/output_011900_000000.png
11910,1191,image/output_011910_000000.png
11920,1192,image/output_011920_000000.png
11930,1193,image/output_011930_000000.png
11940,1194,image/output_011940_000000.png
11950,1195,image/output_011950_000000.png
11960,1196,image/output_011960_000000.png
11970,1197,image/output_011970_000000.png
11980,1198,image/output_011980_000000.png
11990,1199,image/output_011990_000000.png
12000,1200,image/output_012000_000000.png
12010,1201,image/output_012010_000000.png
12020,1202,image/output_012020_000000.png
12030,1203,image/output_012030_000000.png
12040,1204,image/output_012040_000000.png
12050,1205,image/output_012050_000000.png
12060,1206,image/output_012060_000000.png
12070,1207,image/output_012070_000000.png
12080,1208,image/output_012080_000000.png
12090,1209,image/output_012090_000000.png
12100,1210,image/output_012100_000000.png
12110,1211,image/output_012110_000000.png
12120,1212,image/output_012120_000000.png
12130,1213,image/output_012130_000000.png
12140,1214,image/output_012140_000000.png
12150,1215,image/output_012150_000000.png
12160,1216,image/output_012160_000000.png
12170,1217,image/output_012170_000000.png
12180,1218,image/output_012180_000000.png
12190,1219,image/output_012190_000000.png
12200,1220,image/output_012200_000000.png
12210,1221,image/output_012210_000000.png
12220,1222,image/output_012220_000000.png
12230,1223,image/output_012230_000000.png
12240,1224,image/output_012240_000000.png
12250,1225,image/output_012250_000000.png
12260,1226,image/output_012260_000000.png
12270,1227,image/output_012270_000000.png
12280,1228,image/output_012280_000000.png
12290,1229,image/output_012290_000000.png
12300,1230,image/output_012300_000000.png
12310,1231,image/output_012310_000000.png
12320,1232,image/output_012320_000000.png
12330,1233,image/output_012330_000000.png
12340,1234,image/output_012340_000000.png
12350,1235,image/output_012350_000000.png
12360,1236,image/output_012360_000000.png
12370,1237,image/output_012370_000000.png
12380,1238,image/output_012380_000000.png
12390,1239,image/output_012390_000000.png
12400,1240,image/output_012400_000000.png
12410,1241,image/output_012410_000000.png
12420,1242,image/output_012420_000000.png
12430,1243,image/output_012430_000000.png
12440,1244,image/output_012440_000000.png
12450,1245,image/output_012450_000000.png
12460,1246,image/output_012460_000000.png
12470,1247,image/output_012470_000000.png
12480,1248,image/output_012480_000000.png
12490,1249,image/output_012490_000000.png
12500,1250,image/output_012500_000000.png
12510,1251,image/output_012510_000000.png
12520,1252,image/output_012520_000000.png
12530,1253,image/output_012530_000000.png
12540,1254,image/output_012540_000000.png
12550,1255,image/output_012550_000000.png
12560,1256,image/output_012560_000000.png
12570,1257,image/output_012570_000000.png
12580,1258,image/output_012580_000000.png
12590,1259,image/output_012590_000000.png
12600,1260,image/output_012600_000000.png
12610,1261,image/output_012610_000000.png
12620,1262,image/output_012620_000000.png
12630,1263,image/output_012630_000000.png
12640,1264,image/output_012640_000000.png
12650,1265,image/output_012650_000000.png
12660,1266,image/output_012660_000000.png
12670,1267,image/output_012670_000000.png
12680,1268,image/output_012680_000000.png
12690,1269,image/output_012690_000000.png
12700,1270,image/output_012700_000000.png
12710,1271,image/output_012710_000000.png
12720,1272,image/output_012720_000000.png
12730,1273,image/output_012730_000000.png
12740,1274,image/output_012740_000000.png
12750,1275,image/output_012750_000000.png
12760,1276,image/output_012760_000000.png
12770,1277,image/output_012770_000000.png
12780,1278,image/output_012780_000000.png
12790,1279,image/output_012790_000000.png
12800,1280,image/output_012800_000000.png
12810,1281,image/output_012810_000000.png
12820,1282,image/output_012820_000000.png
12830,1283,image/output_012830_000000.png
12840,1284,image/output_012840_000000.png
12850,1285,image/output_012850_000000.png
12860,1286,image/output_012860_000000.png
12870,1287,image/output_012870_000000.png
12880,1288,image/output_012880_000000.png
12890,1289,image/output_012890_000000.png
12900,1290,image/output_012900_000000.png
12910,1291,image/output_012910_000000.png
12920,1292,image/output_012920_000000.png
12930,1293,image/output_012930_000000.png
12940,1294,image/output_012940_000000.png
12950,1295,image/output_012950_000000.png
12960,1296,image/output_012960_000000.png
12970,1297,image/output_012970_000000.png
12980,1298,image/output_012980_000000.png
12990,1299,image/output_012990_000000.png
13000,1300,image/output_013000_000000.png
13010,1301,image/output_013010_000000.png
13020,1302,image/output_013020_000000.png
13030,1303,image/output_013030_000000.png
13040,1304,image/output_013040_000000.png
13050,1305,image/output_013050_000000.png
13060,1306,image/output_013060_000000.png
13070,1307,image/output_013070_000000.png
13080,1308,image/output_013080_000000.png
13090,1309,image/output_013090_000000.png
13100,1310,image/output_013100_000000.png
13110,1311,image/output_013110_000000.png
13120,1312,image/output_013120_000000.png
13130,1313,image/output_013130_000000.png
13140,1314,image/output_013140_000000.png
13150,1315,image/output_013150_000000.png
13160,1316,image/output_013160_000000.png
13170,1317,image/output_013170_000000.png
13180,1318,image/output_013180_000000.png
13190,1319,image/output_013190_000000.png
13200,1320,image/output_013200_000000.png
13210,1321,image/output_013210_000000.png
13220,1322,image/output_013220_000000.png
13230,1323,image/output_013230_000000.png
13240,1324,image/output_013240_000000.png
13250,1325,image/output_013250_000000.png
13260,1326,image/output_013260_000000.png
13270,1327,image/output_013270_000000.png
13280,1328,image/output_013280_000000.png
13290,1329,image/output_013290_000000.png
13300,1330,image/output_013300_000000.png
13310,1331,image/output_013310_000000.png
13320,1332,image/output_013320_000000.png
13330,1333,image/output_013330_000000.png
13340,1334,image/output_013340_000000.png
13350,1335,image/output_013350_000000.png
13360,1336,image/output_013360_000000.png
13370,1337,image/output_013370_000000.png
13380,1338,image/output_013380_000000.png
13390,1339,image/output_013390_000000.png
13400,1340,image/output_013400_000000.png
13410,1341,image/output_013410_000000.png
13420,1342,image/output_013420_000000.png
13430,1343,image/output_013430_000000.png
13440,1344,image/output_013440_000000.png
13450,1345,image/output_013450_000000.png
13460,1346,image/output_013460_000000.png
13470,1347,image/output_013470_000000.png
13480,1348,image/output_013480_000000.png
13490,1349,image/output_013490_000000.png
13500,1350,image/output_013500_000000.png
13510,1351,image/output_013510_000000.png
13520,1352,image/output_013520_000000.png
13530,1353,image/output_013530_000000.png
13540,1354,image/output_013540_000000.png
13550,1355,image/output_013550_000000.png
13560,1356,image/output_013560_000000.png
13570,1357,image/output_013570_000000.png
13580,1358,image/output_013580_000000.png
13590,1359,image/output_013590_000000.png
13600,1360,image/output_013600_000000.png
13610,1361,image/output_013610_000000.png
13620,1362,image/output_013620_000000.png
13630,1363,image/output_013630_000000.png
13640,1364,image/output_013640_000000.png
13650,1365,image/output_013650_000000.png
13660,1366,image/output_013660_000000.png
13670,1367,image/output_013670_000000.png
13680,1368,image/output_013680_000000.png
13690,1369,image/output_013690_000000.png
13700,1370,image/output_013700_000000.png
13710,1371,image/output_013710_000000.png
13720,1372,image/output_013720_000000.png
13730,1373,image/output_013730_000000.png
13740,1374,image/output_013740_000000.png
13750,1375,image/output_013750_000000.png
13760,1376,image/output_013760_000000.png
13770,1377,image/output_013770_000000.png
13780,1378,image/output_013780_000000.png
13790,1379,image/output_013790_000000.png
13800,1380,image/output_013800_000000.png
13810,1381,image/output_013810_000000.png
13820,1382,image/output_013820_000000.png
13830,1383,image/output_013830_000000.png
13840,1384,image/output_013840_000000.png
13850,1385,image/output_013850_000000.png
13860,1386,image/output_013860_000000.png
13870,1387,image/output_013870_000000.png
13880,1388,image/output_013880_000000.png
13890,1389,image/output_013890_000000.png
13900,1390,image/output_013900_000000.png
13910,1391,image/output_013910_000000.png
13920,1392,image/output_013920_000000.png
13930,1393,image/output_013930_000000.png
13940,1394,image/output_013940_000000.png
13950,1395,image/output_013950_000000.png
13960,1396,image/output_013960_000000.png
13970,1397,image/output_013970_000000.png
13980,1398,image/output_013980_000000.png
13990,1399,image/output_013990_000000.png
14000,1400,image/output_014000_000000.png
14010,1401,image/output_014010_000000.png
14020,1402,image/output_014020_000000.png
14030,1403,image/output_014030_000000.png
14040,1404,image/output_014040_000000.png
14050,1405,image/output_014050_000000.png
14060,1406,image/output_014060_000000.png
14070,1407,image/output_014070_000000.png
14080,1408,image/output_014080_000000.png
14090,1409,image/output_014090_000000.png
14100,1410,image/output_014100_000000.png
14110,1411,image/output_014110_000000.png
14120,1412,image/output_014120_000000.png
14130,1413,image/output_014130_000000.png
14140,1414,image/output_014140_000000.png
14150,1415,image/output_014150_000000.png
14160,1416,image/output_014160_000000.png
14170,1417,image/output_014170_000000.png
14180,1418,image/output_014180_000000.png
14190,1419,image/output_014190_000000.png
14200,1420,image/output_014200_000000.png
14210,1421,image/output_014210_000000.png
14220,1422,image/output_014220_000000.png
14230,1423,image/output_014230_000000.png
14240,1424,image/output_014240_000000.png
14250,1425,image/output_014250_000000.png
14260,1426,image/output_014260_000000.png
14270,1427,image/output_014270_000000.png
14280,1428,image/output_014280_000000.png
14290,1429,image/output_014290_000000.png
14300,1430,image/output_014300_000000.png
14310,1431,image/output_014310_000000.png
14320,1432,image/output_014320_000000.png
14330,1433,image/output_014330_000000.png
14340,1434,image/output_014340_000000.png
14350,1435,image/output_014350_000000.png
14360,1436,image/output_014360_000000.png
14370,1437,image/output_014370_000000.png
14380,1438,image/output_014380_000000.png
14390,1439,image/output_014390_000000.png
14400,1440,image/output_014400_000000.png
14410,1441,image/output_014410_000000.png
14420,1442,image/output_014420_000000.png
14430,1443,image/output_014430_000000.png
14440,1444,image/output_014440_000000.png
14450,1445,image/output_014450_000000.png
14460,1446,image/output_014460_000000.png
14470,1447,image/output_014470_000000.png
14480,1448,image/output_014480_000000.png
14490,1449,image/output_014490_000000.png
14500,1450,image/output_014500_000000.png
14510,1451,image/output_014510_000000.png
14520,1452,image/output_014520_000000.png
14530,1453,image/output_014530_000000.png
14540,1454,image/output_014540_000000.png
14550,1455,image/output_014550_000000.png
14560,1456,image/output_014560_000000.png
14570,1457,image/output_014570_000000.png
14580,1458,image/output_014580_000000.png
14590,1459,image/output_014590_000000.png
14600,1460,image/output_014600_000000.png
14610,1461,image/output_014610_000000.png
14620,1462,image/output_014620_000000.png
14630,1463,image/output_014630_000000.png
14640,1464,image/output_014640_000000.png
14650,1465,image/output_014650_000000.png
14660,1466,image/output_014660_000000.png
14670,1467,image/output_014670_000000.png
14680,1468,image/output_014680_000000.png
14690,1469,image/output_014690_000000.png
14700,1470,image/output_014700_000000.png
14710,1471,image/output_014710_000000.png
14720,1472,image/output_014720_000000.png
14730,1473,image/output_014730_000000.png
14740,1474,image/output_014740_000000.png
14750,1475,image/output_014750_000000.png
14760,1476,image/output_014760_000000.png
14770,1477,image/output_014770_000000.png
14780,1478,image/output_014780_000000.png
14790,1479,image/output_014790_000000.png
14800,1480,image/output_014800_000000.png
14810,1481,image/output_014810_000000.png
14820,1482,image/output_014820_000000.png
14830,1483,image/output_014830_000000.png
14840,1484,image/output_014840_000000.png
14850,1485,image/output_014850_000000.png
14860,1486,image/output_014860_000000.png
14870,1487,image/output_014870_000000.png
14880,1488,image/output_014880_000000.png
14890,1489,image/output_014890_000000.png
14900,1490,image/output_014900_000000.png
14910,1491,image/output_014910_000000.png
14920,1492,image/output_014920_000000.png
14930,1493,image/output_014930_000000.png
14940,1494,image/output_014940_000000.png
14950,1495,image/output_014950_000000.png
14960,1496,image/output_014960_000000.png
14970,1497,image/output_014970_000000.png
14980,1498,image/output_014980_000000.png
14990,1499,image/output_014990_000000.png
